Workbook

Sheet סיכום כולל
A1: דירה | B1: ריצוף רגיל נטו (מ"ר) | C1: ריצוף רגיל להזמנה (מ"ר) | D1: ריצוף AS נטו (מ"ר) | E1: ריצוף AS להזמנה (מ"ר) | F1: חיפוי קירות נטו (מ"ר) | G1: חיפוי קירות להזמנה (מ"ר) | H1: פנלים נטו (מ"ר) | I1: פנלים להזמנה (מ"ר)
A2: A | B2: ='כתב כמויות'!B8 -> 49.46 | C2: ='כתב כמויות'!D8 -> 49.46 | D2: ='כתב כמויות'!B9 -> 0 | E2: ='כתב כמויות'!D9 -> 0 | F2: ='כתב כמויות'!B10 -> 0 | G2: ='כתב כמויות'!D10 -> 0 | H2: ='כתב כמויות'!B11 -> 4.87 | I2: ='כתב כמויות'!D11 -> 4.87
A3: סה"כ כולל | B3: =ROUND(SUM(B2:B2),2) -> 49.46 | C3: =ROUND(SUM(C2:C2),2) -> 49.46 | D3: =ROUND(SUM(D2:D2),2) -> 0 | E3: =ROUND(SUM(E2:E2),2) -> 0 | F3: =ROUND(SUM(F2:F2),2) -> 0 | G3: =ROUND(SUM(G2:G2),2) -> 0 | H3: =ROUND(SUM(H2:H2),2) -> 4.87 | I3: =ROUND(SUM(I2:I2),2) -> 4.87

Sheet כתב כמויות
A1: דירה | B1: חדר | C1: שטח ריצוף רגיל (מ"ר) | D1: שטח ריצוף AS (מ"ר) | E1: שטח חיפוי קירות (מ"ר) | F1: שטח פנלים (מ"ר) | G1: פחת ריצוף רגיל (%) | H1: פחת ריצוף AS (%) | I1: פחת חיפוי (%) | J1: פחת פנלים (%) | K1: ריצוף רגיל להזמנה | L1: ריצוף AS להזמנה | M1: חיפוי להזמנה | N1: פנלים להזמנה | O1: הערות | P1: אורך פנלים (מ"א) | Q1: אורך פנלים להזמנה (מ"א)
A2: A | B2: חדר הורים | C2: 12.74 | D2: — | E2: — | F2: 1.44 | G2: 0 | H2: — | I2: — | J2: 0 | K2: =IF(ISNUMBER(C2),ROUND(C2*(1+IF(ISNUMBER(G2),G2,0)/100),2),"—") -> 12.74 | L2: =IF(ISNUMBER(D2),ROUND(D2*(1+IF(ISNUMBER(H2),H2,0)/100),2),"—") -> — | M2: =IF(ISNUMBER(E2),ROUND(E2*(1+IF(ISNUMBER(I2),I2,0)/100),2),"—") -> — | N2: =IF(ISNUMBER(F2),ROUND(F2*(1+IF(ISNUMBER(J2),J2,0)/100),2),"—") -> 1.44 | P2: 14.36 | Q2: =IF(ISNUMBER(P2),ROUND(P2*(1+IF(ISNUMBER(J2),J2,0)/100),2),"—") -> 14.36
A3: A | B3: חדר שינה | C3: 13.11 | D3: — | E3: — | F3: 1.48 | G3: 0 | H3: — | I3: — | J3: 0 | K3: =IF(ISNUMBER(C3),ROUND(C3*(1+IF(ISNUMBER(G3),G3,0)/100),2),"—") -> 13.11 | L3: =IF(ISNUMBER(D3),ROUND(D3*(1+IF(ISNUMBER(H3),H3,0)/100),2),"—") -> — | M3: =IF(ISNUMBER(E3),ROUND(E3*(1+IF(ISNUMBER(I3),I3,0)/100),2),"—") -> — | N3: =IF(ISNUMBER(F3),ROUND(F3*(1+IF(ISNUMBER(J3),J3,0)/100),2),"—") -> 1.48 | P3: 14.76 | Q3: =IF(ISNUMBER(P3),ROUND(P3*(1+IF(ISNUMBER(J3),J3,0)/100),2),"—") -> 14.76
A4: A | B4: סלון | C4: 23.61 | D4: — | E4: — | F4: 1.95 | G4: 0 | H4: — | I4: — | J4: 0 | K4: =IF(ISNUMBER(C4),ROUND(C4*(1+IF(ISNUMBER(G4),G4,0)/100),2),"—") -> 23.61 | L4: =IF(ISNUMBER(D4),ROUND(D4*(1+IF(ISNUMBER(H4),H4,0)/100),2),"—") -> — | M4: =IF(ISNUMBER(E4),ROUND(E4*(1+IF(ISNUMBER(I4),I4,0)/100),2),"—") -> — | N4: =IF(ISNUMBER(F4),ROUND(F4*(1+IF(ISNUMBER(J4),J4,0)/100),2),"—") -> 1.95 | P4: 19.48 | Q4: =IF(ISNUMBER(P4),ROUND(P4*(1+IF(ISNUMBER(J4),J4,0)/100),2),"—") -> 19.48
A6: סה"כ
A7: פריט | B7: כמות נטו (מ"ר) | C7: פחת (%) | D7: להזמנה (מ"ר) | E7: אורך (מ"א) | F7: אורך להזמנה (מ"א)
A8: ריצוף רגיל | B8: =ROUND(SUM(C2:C4),2) -> 49.46 | D8: =ROUND(SUM(K2:K4),2) -> 49.46
A9: ריצוף AS | B9: =ROUND(SUM(D2:D4),2) -> 0 | D9: =ROUND(SUM(L2:L4),2) -> 0
A10: חיפוי קירות | B10: =ROUND(SUM(E2:E4),2) -> 0 | D10: =ROUND(SUM(M2:M4),2) -> 0
A11: פנלים | B11: =ROUND(SUM(F2:F4),2) -> 4.87 | D11: =ROUND(SUM(N2:N4),2) -> 4.87 | E11: =ROUND(SUM(P2:P4),2) -> 48.6 | F11: =ROUND(SUM(Q2:Q4),2) -> 48.6
